name;TIPOLOGIA;OID_;PARK_ID;area;Centroid_X;Centroid_Y;Perimeter;id;long;lat
Cemitério da Ajuda;Cemitério;0;0;49818.0500000000;-9.2000000000;38.7100000000;992.4860000000;Lx187;-9.2039890587;38.7086696107
Cemitério dos Olivais;Cemitério;0;0;43492.0300000000;-9.1100000000;38.7600000000;1096.0600000000;Lx188;-9.1079007024;38.7645872111
Jardim Maria de Lourdes Sá Teixeira;;0;0;6604.2100000000;-9.1200000000;38.7700000000;408.1950000000;Lx001;-9.1230802975;38.7674578828
Jardim Maria da Luz Ponces de Carvalho;;0;0;4678.2200000000;-9.1500000000;38.7800000000;559.3450000000;Lx002;-9.1503745360;38.7797416638
Parque Vale Grande - Parque Oeste;;1;2;216109.7200000000;-9.1500000000;38.7800000000;4103.0600000000;Lx029;-9.1533108092;38.7801899788
Parque do Vale Fundão;;2;3;67245.1200000000;-9.1100000000;38.7500000000;1895.3100000000;Lx030;-9.1091484551;38.7515657501
Jardim da Alameda Roentgen;;3;4;14791.7900000000;-9.1800000000;38.7600000000;1126.1900000000;Lx031;-9.1777234762;38.7614825724
Jardim Pulido Garcia;;0;0;1697.2700000000;-9.2100000000;38.7100000000;178.8170000000;Lx003;-9.2075994131;38.7067160073
Jardim Professor Francisco Caldeira Cabral;;4;6;10163.9200000000;-9.1700000000;38.7600000000;1101.5200000000;Lx032;-9.1652609263;38.7598604312
Jardim Professor Francisco Caldeira Cabral;;4;6;10163.9200000000;-9.1700000000;38.7600000000;1101.5200000000;Lx032;-9.1661880172;38.7600126512
Jardim Professor Francisco Caldeira Cabral;;4;6;10163.9200000000;-9.1700000000;38.7600000000;1101.5200000000;Lx032;-9.1655755344;38.7603601193
Jardim Professor Francisco Caldeira Cabral;;4;6;10163.9200000000;-9.1700000000;38.7600000000;1101.5200000000;Lx032;-9.1651889359;38.7603379491
Jardim Professor Francisco Caldeira Cabral;;4;6;10163.9200000000;-9.1700000000;38.7600000000;1101.5200000000;Lx032;-9.1655468571;38.7605638068
Jardim Professor Francisco Caldeira Cabral;;4;6;10163.9200000000;-9.1700000000;38.7600000000;1101.5200000000;Lx032;-9.1653342856;38.7605752293
Jardim Professor Francisco Caldeira Cabral;;4;6;10163.9200000000;-9.1700000000;38.7600000000;1101.5200000000;Lx032;-9.1651101161;38.7605709404
Jardim Professor Francisco Caldeira Cabral;;4;6;10163.9200000000;-9.1700000000;38.7600000000;1101.5200000000;Lx032;-9.1661792938;38.7605483936
Jardim de Santa Clara - Quinta de Santa Clara;Espaços Verdes Vizinhança;5;7;15356.5400000000;-9.1600000000;38.7800000000;512.6200000000;Lx033;-9.1615619923;38.7801755135
Jardim Zoológico;;6;8;233648.2600000000;-9.1700000000;38.7400000000;3001.0300000000;Lx034;-9.1716346537;38.7449928860
Jardim Zoológico;;6;8;233648.2600000000;-9.1700000000;38.7400000000;3001.0300000000;Lx034;-9.1698107552;38.7460183226
Viveiro da Quinta Conde Arcos;Viveiro;0;0;91578.9900000000;-9.1100000000;38.7700000000;1511.1800000000;Lx004;-9.1086627730;38.7732750993
Jardim da Rua Inocêncio Francisco da Silva;;7;10;4232.7900000000;-9.1800000000;38.7600000000;322.8820000000;Lx035;-9.1785315497;38.7561922200
Jardim Braamcamp Freire - Jardim do Campo Santana;;8;11;20085.3100000000;-9.1400000000;38.7200000000;1018.8800000000;Lx036;-9.1399915369;38.7213952284
Jardim Braamcamp Freire - Jardim do Campo Santana;;8;11;20085.3100000000;-9.1400000000;38.7200000000;1018.8800000000;Lx036;-9.1398569165;38.7226802680
Jardim Braamcamp Freire - Jardim do Campo Santana;;8;11;20085.3100000000;-9.1400000000;38.7200000000;1018.8800000000;Lx036;-9.1394892574;38.7207202943
Miradouro Eduardo Noronha;;0;0;1144.5100000000;-9.1300000000;38.7500000000;133.1870000000;Lx005;-9.1320998436;38.7498630622
Jardim Gomes de Amorim - Casa da moeda;;9;13;2590.4600000000;-9.1400000000;38.7400000000;294.7680000000;Lx037;-9.1430906435;38.7378251327
PFM: Mata de São Domingos de Benfica;;10;14;475789.9600000000;-9.1900000000;38.7400000000;4938.5500000000;Lx038;-9.1916260140;38.7415669542
Jardim Prof. António de Sousa Franco - Jardim da Urbanização da Aldeia de Telheiras;;0;0;3980.9300000000;-9.1700000000;38.7600000000;348.0290000000;Lx006;-9.1675892178;38.7602421855
Vertente Este do Aqueduto das Águas Livres (Junto ao Jardim do Aqueduto das Águas Livres);;0;0;4882.2900000000;-9.1700000000;38.7300000000;1270.0500000000;Lx007;-9.1672500853;38.7272198746
Vertente Este do Aqueduto das Águas Livres (Junto ao Jardim do Aqueduto das Águas Livres);;0;0;4882.2900000000;-9.1700000000;38.7300000000;1270.0500000000;Lx007;-9.1672473634;38.7274137293
Vertente Este do Aqueduto das Águas Livres (Junto ao Jardim do Aqueduto das Águas Livres);;0;0;4882.2900000000;-9.1700000000;38.7300000000;1270.0500000000;Lx007;-9.1683807688;38.7280790439
Vertente Este do Aqueduto das Águas Livres (Junto ao Jardim do Aqueduto das Águas Livres);;0;0;4882.2900000000;-9.1700000000;38.7300000000;1270.0500000000;Lx007;-9.1681919314;38.7282303629
Vertente Este do Aqueduto das Águas Livres (Junto ao Jardim do Aqueduto das Águas Livres);;0;0;4882.2900000000;-9.1700000000;38.7300000000;1270.0500000000;Lx007;-9.1687711643;38.7284040064
Vertente Este do Aqueduto das Águas Livres (Junto ao Jardim do Aqueduto das Águas Livres);;0;0;4882.2900000000;-9.1700000000;38.7300000000;1270.0500000000;Lx007;-9.1685849767;38.7285552072
Jardim da Bela-Flor;;0;0;5567.6200000000;-9.1700000000;38.7200000000;398.3110000000;Lx008;-9.1694738417;38.7229157999
Jardim dos Sabores;;11;18;1568.8800000000;-9.1400000000;38.7200000000;187.8420000000;Lx039;-9.1419779532;38.7232105773
Parque Recreativo dos Moínhos de Santana;;12;19;51667.1300000000;-9.2100000000;38.7100000000;1136.5300000000;Lx040;-9.2060700017;38.7090782616
Jardim Vasco da Gama;;13;20;41602.6800000000;-9.2000000000;38.7000000000;908.3650000000;Lx041;-9.2033097264;38.6962706954
Jardim Afonso de Albuquerque;;14;21;14126.0400000000;-9.2000000000;38.7000000000;465.6180000000;Lx042;-9.2002687900;38.6966319252
Jardins da Fundação Calouste Gulbenkian;;15;22;79393.2100000000;-9.1500000000;38.7400000000;1575.0500000000;Lx043;-9.1539357363;38.7368685032
Jardim Alfredo Keil / Jardim da Alegria;;16;23;3051.2200000000;-9.1500000000;38.7200000000;207.2090000000;Lx044;-9.1453426979;38.7179029892
Jardim Cinco de Outubro - Jardim da Burra;;17;24;1776.6200000000;-9.1600000000;38.7100000000;220.9230000000;Lx045;-9.1600959342;38.7130906432
Jardim Guerra Junqueiro - Jardim da Estrela;;18;25;46862.9300000000;-9.1600000000;38.7100000000;927.0610000000;Lx046;-9.1591816104;38.7147176024
Jardim Fialho de Almeida;;19;26;1428.1600000000;-9.1500000000;38.7200000000;152.9760000000;Lx047;-9.1516611792;38.7150578017
Jardim da Praça de Londres;;20;27;2969.3100000000;-9.1400000000;38.7400000000;351.2730000000;Lx048;-9.1372853699;38.7405162713
Jardim da Praça do Império;;21;28;26929.5900000000;-9.2100000000;38.7000000000;657.3400000000;Lx049;-9.2060682252;38.6960545426
Viveiro da Quinta de Vila Correia;Viveiro;0;0;11801.3700000000;-9.2100000000;38.7000000000;687.0890000000;Lx009;-9.2134436628;38.6965973137
Corredor Verde de Monsanto: Jardim Amnistia Internacional - Jardins de Campolide;Espaços Verdes Urbanos;22;30;32869.2200000000;-9.1600000000;38.7400000000;1031.7200000000;Lx050;-9.1648740740;38.7362739963
Palácio Pimenta - Museu da Cidade;;23;31;15125.7900000000;-9.1600000000;38.7600000000;550.1560000000;Lx051;-9.1571867499;38.7581808529
PFM: Parque da Pedra;;24;32;141101.1700000000;-9.1800000000;38.7300000000;2190.5600000000;Lx052;-9.1768320182;38.7303722711
Parque Urbano do Vale Chelas;Espaços Verdes Centrais;25;33;156149.3900000000;-9.1200000000;38.7500000000;3296.1800000000;Lx053;-9.1216131288;38.7545615447
Jardim da Quinta Alegre - Campo das Amoreiras;;26;34;26781.0500000000;-9.1400000000;38.7900000000;850.5400000000;Lx054;-9.1432729874;38.7866098137
PFM: Parque Recreativo do Calhau;;27;35;249303.8000000000;-9.1800000000;38.7400000000;2368.9200000000;Lx055;-9.1768639662;38.7373583152
Jardim Adão Barata;Espaços Verdes Vizinhança;28;36;16566.9700000000;-9.2000000000;38.7600000000;968.1490000000;Lx056;-9.1960212902;38.7588703493
Quinta Pedagógica dos Olivais;;29;37;17408.8400000000;-9.1100000000;38.7600000000;835.0220000000;Lx057;-9.1118397802;38.7631058698
Quinta Pedagógica dos Olivais;;29;37;17408.8400000000;-9.1100000000;38.7600000000;835.0220000000;Lx057;-9.1112293727;38.7626444082
Parque do Vale do Silêncio;;30;38;82599.3800000000;-9.1200000000;38.7700000000;1685.2600000000;Lx058;-9.1180149187;38.7671327738
Jardim do Palacio Nacional de Belém;;31;39;19540.7000000000;-9.2000000000;38.7000000000;947.2850000000;Lx059;-9.2018295976;38.6979038533
Jardim do Palacio Nacional de Belém;;31;39;19540.7000000000;-9.2000000000;38.7000000000;947.2850000000;Lx059;-9.2018357462;38.6979181883
Jardim do Palacio Nacional de Belém;;31;39;19540.7000000000;-9.2000000000;38.7000000000;947.2850000000;Lx059;-9.2007846209;38.6982972285
Parque José Gomes Ferreira - Mata de Alvalade;;32;40;108794.8300000000;-9.1300000000;38.7600000000;1913.5200000000;Lx060;-9.1349107825;38.7588956152
Parque José Gomes Ferreira - Mata de Alvalade;;32;40;108794.8300000000;-9.1300000000;38.7600000000;1913.5200000000;Lx060;-9.1349931430;38.7589493180
Parque José Gomes Ferreira - Mata de Alvalade;;32;40;108794.8300000000;-9.1300000000;38.7600000000;1913.5200000000;Lx060;-9.1325661695;38.7596888971
Viveiro da Quinta do Beirão;Viveiro;0;0;3779.5100000000;-9.1000000000;38.7400000000;268.4600000000;Lx010;-9.1034181030;38.7418096961
Palácio da Ajuda;;33;42;10373.1200000000;-9.2000000000;38.7100000000;1139.6600000000;Lx061;-9.1977958950;38.7069115819
Palácio da Ajuda;;33;42;10373.1200000000;-9.2000000000;38.7100000000;1139.6600000000;Lx061;-9.1971325635;38.7073868247
Palácio da Ajuda;;33;42;10373.1200000000;-9.2000000000;38.7100000000;1139.6600000000;Lx061;-9.1963361911;38.7074233825
Palácio da Ajuda;;33;42;10373.1200000000;-9.2000000000;38.7100000000;1139.6600000000;Lx061;-9.1957076332;38.7074909471
Palácio da Ajuda;;33;42;10373.1200000000;-9.2000000000;38.7100000000;1139.6600000000;Lx061;-9.1958956230;38.7077161084
Palácio da Ajuda;;33;42;10373.1200000000;-9.2000000000;38.7100000000;1139.6600000000;Lx061;-9.1969100635;38.7078490016
Jardim Augusto Gil / Jardim da Graça;;34;43;1335.2600000000;-9.1300000000;38.7200000000;143.1960000000;Lx062;-9.1309010820;38.7160393944
Miradouro Nossa Senhora do Monte;;35;44;1068.0700000000;-9.1300000000;38.7200000000;156.5350000000;Lx063;-9.1327024173;38.7191339468
Jardim Praça de Damão;;0;0;3701.2200000000;-9.2200000000;38.7000000000;243.1660000000;Lx011;-9.2158131358;38.6988138847
Jardim Garcia de Orta - Parque das Nações;;36;46;17525.9100000000;-9.0900000000;38.7700000000;1412.5600000000;Lx064;-9.0920977795;38.7696371251
Jardim Garcia de Orta - Parque das Nações;;36;46;17525.9100000000;-9.0900000000;38.7700000000;1412.5600000000;Lx064;-9.0920503100;38.7702847814
Jardim Garcia de Orta - Parque das Nações;;36;46;17525.9100000000;-9.0900000000;38.7700000000;1412.5600000000;Lx064;-9.0920145307;38.7711308203
Jardim Garcia de Orta - Parque das Nações;;36;46;17525.9100000000;-9.0900000000;38.7700000000;1412.5600000000;Lx064;-9.0919111868;38.7720789385
Jardim Garcia de Orta - Parque das Nações;;36;46;17525.9100000000;-9.0900000000;38.7700000000;1412.5600000000;Lx064;-9.0918453716;38.7729786487
Jardim Garcia de Orta - Parque das Nações;;36;46;17525.9100000000;-9.0900000000;38.7700000000;1412.5600000000;Lx064;-9.0917526023;38.7740130063
Parque Urbano dos Olivais;Espaços Verdes Urbanos;37;47;36990.7000000000;-9.1200000000;38.7700000000;1153.3000000000;Lx065;-9.1206274008;38.7698456364
Jardim Nuno Álvares / Jardim de Santos;;38;48;4246.6500000000;-9.1500000000;38.7100000000;263.8660000000;Lx066;-9.1546009049;38.7070362851
Parque Urbano do Tejo e Trancão;;39;49;677565.0699999990;-9.0900000000;38.7900000000;6938.8200000000;Lx067;-9.0929639825;38.7833713388
Parque Urbano do Tejo e Trancão;;39;49;677565.0699999990;-9.0900000000;38.7900000000;6938.8200000000;Lx067;-9.0939909033;38.7903370408
Parque Urbano do Tejo e Trancão;;39;49;677565.0699999990;-9.0900000000;38.7900000000;6938.8200000000;Lx067;-9.0977271551;38.7960763695
Parque Urbano do Tejo e Trancão;;39;49;677565.0699999990;-9.0900000000;38.7900000000;6938.8200000000;Lx067;-9.0953232002;38.7963670495
Jardim Praça de Malaca;;0;0;4997.8300000000;-9.2100000000;38.7000000000;282.3690000000;Lx012;-9.2097351465;38.6991058661
Jardim Henrique Lopes de Mendonça;;40;51;4697.0500000000;-9.1400000000;38.7300000000;335.8850000000;Lx068;-9.1440965811;38.7301840689
Praça Rainha Santa;;0;0;1502.5800000000;-9.1600000000;38.7700000000;157.1310000000;Lx013;-9.1619129737;38.7672101424
Praça de São Bento;;41;53;2682.9800000000;-9.1500000000;38.7100000000;250.2600000000;Lx069;-9.1537576991;38.7136338732
Jardim Avelar Brotero - Jardim do Alto de Santo Amaro;;42;54;4378.7000000000;-9.1800000000;38.7000000000;264.0050000000;Lx070;-9.1845657320;38.7042199669
Parque Bensaúde - Parque Urbano Quinta Bensaúde;Espaços Verdes Urbanos;43;55;38258.0400000000;-9.1800000000;38.7500000000;957.2490000000;Lx071;-9.1766719423;38.7530127143
Jardins da Água - Parque das Nações;;44;56;7180.7500000000;-9.0900000000;38.7600000000;607.2820000000;Lx072;-9.0937367754;38.7614844272
Jardins da Água - Parque das Nações;;44;56;7180.7500000000;-9.0900000000;38.7600000000;607.2820000000;Lx072;-9.0955375111;38.7615578199
Alameda dos Oceanos (Parque das Nações);;45;57;36638.3900000000;-9.1000000000;38.7700000000;2731.6900000000;Lx073;-9.0957124366;38.7678771330
Jardim dos Jacarandás;;0;0;493.8300000000;-9.0900000000;38.7800000000;118.5170000000;Lx014;-9.0948036878;38.7788327907
Jardim dos Jacarandás;;0;0;493.8300000000;-9.0900000000;38.7800000000;118.5170000000;Lx014;-9.0947687193;38.7790879307
Jardim do Aqueduto das Águas Livres (Junto õ Calçada da Quintinha);;46;59;1347.4000000000;-9.1700000000;38.7300000000;145.0010000000;Lx074;-9.1663652249;38.7266707882
Jardim do Castelo de São Jorge;;47;60;30141.2600000000;-9.1300000000;38.7100000000;1326.4400000000;Lx075;-9.1330078535;38.7135004503
Jardim do Castelo de São Jorge;;47;60;30141.2600000000;-9.1300000000;38.7100000000;1326.4400000000;Lx075;-9.1336893838;38.7130546549
Eucaliptal de Benfica;;48;61;10864.4300000000;-9.2000000000;38.7600000000;485.9620000000;Lx076;-9.1995471427;38.7550777308
Jardim Júlio de Castilho;;49;62;1474.2400000000;-9.1300000000;38.7100000000;279.0830000000;Lx077;-9.1303637302;38.7113067429
Jardim Júlio de Castilho;;49;62;1474.2400000000;-9.1300000000;38.7100000000;279.0830000000;Lx077;-9.1301933346;38.7116711446
Jardim da Parada dos Prazeres - Praça São João Bosco;;50;63;6560.4700000000;-9.1700000000;38.7100000000;496.2220000000;Lx078;-9.1695933426;38.7146855332
Jardim da Parada dos Prazeres - Praça São João Bosco;;50;63;6560.4700000000;-9.1700000000;38.7100000000;496.2220000000;Lx078;-9.1691926396;38.7136653948
Jardim da Parada dos Prazeres - Praça São João Bosco;;50;63;6560.4700000000;-9.1700000000;38.7100000000;496.2220000000;Lx078;-9.1692343953;38.7141998955
PFM: Parque Florestal de Monsanto;;51;64;9100000.0000000000;-9.1900000000;38.7200000000;45136.4000000000;Lx079;-9.1868315979;38.7182655832
PFM: Parque Florestal de Monsanto;;51;64;9100000.0000000000;-9.1900000000;38.7200000000;45136.4000000000;Lx079;-9.1750432396;38.7287146835
PFM: Parque Florestal de Monsanto;;51;64;9100000.0000000000;-9.1900000000;38.7200000000;45136.4000000000;Lx079;-9.1751624309;38.7287745634
PFM: Parque Florestal de Monsanto;;51;64;9100000.0000000000;-9.1900000000;38.7200000000;45136.4000000000;Lx079;-9.1752447224;38.7288937206
PFM: Parque Florestal de Monsanto;;51;64;9100000.0000000000;-9.1900000000;38.7200000000;45136.4000000000;Lx079;-9.1749066355;38.7289766825
PFM: Parque Florestal de Monsanto;;51;64;9100000.0000000000;-9.1900000000;38.7200000000;45136.4000000000;Lx079;-9.1746494402;38.7290820100
PFM: Parque Florestal de Monsanto;;51;64;9100000.0000000000;-9.1900000000;38.7200000000;45136.4000000000;Lx079;-9.1745557969;38.7291552471
PFM: Parque Florestal de Monsanto;;51;64;9100000.0000000000;-9.1900000000;38.7200000000;45136.4000000000;Lx079;-9.1744942951;38.7292436301
PFM: Parque Florestal de Monsanto;;51;64;9100000.0000000000;-9.1900000000;38.7200000000;45136.4000000000;Lx079;-9.1752034214;38.7309667776
PFM: Parque Florestal de Monsanto;;51;64;9100000.0000000000;-9.1900000000;38.7200000000;45136.4000000000;Lx079;-9.1722381899;38.7361408135
PFM: Parque Florestal de Monsanto;;51;64;9100000.0000000000;-9.1900000000;38.7200000000;45136.4000000000;Lx079;-9.1722956154;38.7362291834
PFM: Parque Florestal de Monsanto;;51;64;9100000.0000000000;-9.1900000000;38.7200000000;45136.4000000000;Lx079;-9.1723584189;38.7364186488
PFM: Parque Florestal de Monsanto;;51;64;9100000.0000000000;-9.1900000000;38.7200000000;45136.4000000000;Lx079;-9.1723842538;38.7365749944
PFM: Parque Florestal de Monsanto;;51;64;9100000.0000000000;-9.1900000000;38.7200000000;45136.4000000000;Lx079;-9.1725109479;38.7368839876
PFM: Parque Florestal de Monsanto;;51;64;9100000.0000000000;-9.1900000000;38.7200000000;45136.4000000000;Lx079;-9.1728775026;38.7374029847
PFM: Parque Florestal de Monsanto;;51;64;9100000.0000000000;-9.1900000000;38.7200000000;45136.4000000000;Lx079;-9.1730341405;38.7375601005
PFM: Parque Florestal de Monsanto;;51;64;9100000.0000000000;-9.1900000000;38.7200000000;45136.4000000000;Lx079;-9.1731309316;38.7378881899
PFM: Parque Florestal de Monsanto;;51;64;9100000.0000000000;-9.1900000000;38.7200000000;45136.4000000000;Lx079;-9.1790032738;38.7386939356
PFM: Parque Florestal de Monsanto;;51;64;9100000.0000000000;-9.1900000000;38.7200000000;45136.4000000000;Lx079;-9.1787357172;38.7387049422
PFM: Parque Florestal de Monsanto;;51;64;9100000.0000000000;-9.1900000000;38.7200000000;45136.4000000000;Lx079;-9.1776623744;38.7386114657
PFM: Parque Florestal de Monsanto;;51;64;9100000.0000000000;-9.1900000000;38.7200000000;45136.4000000000;Lx079;-9.1791275139;38.7387995609
PFM: Parque Florestal de Monsanto;;51;64;9100000.0000000000;-9.1900000000;38.7200000000;45136.4000000000;Lx079;-9.1776404949;38.7391068502
PFM: Parque Florestal de Monsanto;;51;64;9100000.0000000000;-9.1900000000;38.7200000000;45136.4000000000;Lx079;-9.1782776058;38.7395837888
PFM: Parque Florestal de Monsanto;;51;64;9100000.0000000000;-9.1900000000;38.7200000000;45136.4000000000;Lx079;-9.2014894542;38.7396065886
PFM: Parque Florestal de Monsanto;;51;64;9100000.0000000000;-9.1900000000;38.7200000000;45136.4000000000;Lx079;-9.1772198611;38.7396498812
PFM: Parque Florestal de Monsanto;;51;64;9100000.0000000000;-9.1900000000;38.7200000000;45136.4000000000;Lx079;-9.1768577470;38.7400385434
PFM: Parque Florestal de Monsanto;;51;64;9100000.0000000000;-9.1900000000;38.7200000000;45136.4000000000;Lx079;-9.1783073288;38.7399203681
PFM: Parque Florestal de Monsanto;;51;64;9100000.0000000000;-9.1900000000;38.7200000000;45136.4000000000;Lx079;-9.1784070368;38.7403348675
PFM: Parque Florestal de Monsanto;;51;64;9100000.0000000000;-9.1900000000;38.7200000000;45136.4000000000;Lx079;-9.1797527532;38.7404867971
PFM: Parque Florestal de Monsanto;;51;64;9100000.0000000000;-9.1900000000;38.7200000000;45136.4000000000;Lx079;-9.1785913930;38.7405502471
PFM: Parque Florestal de Monsanto;;51;64;9100000.0000000000;-9.1900000000;38.7200000000;45136.4000000000;Lx079;-9.1752745582;38.7398089437
PFM: Parque Florestal de Monsanto;;51;64;9100000.0000000000;-9.1900000000;38.7200000000;45136.4000000000;Lx079;-9.1943716958;38.7244917053
PFM: Parque Florestal de Monsanto;;51;64;9100000.0000000000;-9.1900000000;38.7200000000;45136.4000000000;Lx079;-9.1928075227;38.7211944186
PFM: Parque Florestal de Monsanto;;51;64;9100000.0000000000;-9.1900000000;38.7200000000;45136.4000000000;Lx079;-9.1776547204;38.7336678060
PFM: Parque Florestal de Monsanto;;51;64;9100000.0000000000;-9.1900000000;38.7200000000;45136.4000000000;Lx079;-9.2001663848;38.7189661554
PFM: Parque Florestal de Monsanto;;51;64;9100000.0000000000;-9.1900000000;38.7200000000;45136.4000000000;Lx079;-9.1923433368;38.7431864177
Jardim do Cabeço das Rolas - Parque das Nações;;52;65;62922.0200000000;-9.1000000000;38.7600000000;1411.9800000000;Lx080;-9.0981829219;38.7603752248
Jardim do Japão;;53;66;4351.0300000000;-9.2100000000;38.6900000000;517.3930000000;Lx081;-9.2094472676;38.6935660423
Jardim do Japão;;53;66;4351.0300000000;-9.2100000000;38.6900000000;517.3930000000;Lx081;-9.2090337607;38.6935311639
Jardim Central Tejo - Museu da Electricidade;;54;67;14292.7800000000;-9.2000000000;38.7000000000;2349.5300000000;Lx082;-9.1971561283;38.6952798912
Jardim Central Tejo - Museu da Electricidade;;54;67;14292.7800000000;-9.2000000000;38.7000000000;2349.5300000000;Lx082;-9.1974990081;38.6955424209
Jardim Central Tejo - Museu da Electricidade;;54;67;14292.7800000000;-9.2000000000;38.7000000000;2349.5300000000;Lx082;-9.1963523077;38.6954668430
Jardim Central Tejo - Museu da Electricidade;;54;67;14292.7800000000;-9.2000000000;38.7000000000;2349.5300000000;Lx082;-9.1970652061;38.6957251295
Jardim Central Tejo - Museu da Electricidade;;54;67;14292.7800000000;-9.2000000000;38.7000000000;2349.5300000000;Lx082;-9.1977275093;38.6958059163
Jardim Central Tejo - Museu da Electricidade;;54;67;14292.7800000000;-9.2000000000;38.7000000000;2349.5300000000;Lx082;-9.1973531318;38.6959241302
Jardim Central Tejo - Museu da Electricidade;;54;67;14292.7800000000;-9.2000000000;38.7000000000;2349.5300000000;Lx082;-9.1954576026;38.6959799112
Jardim Central Tejo - Museu da Electricidade;;54;67;14292.7800000000;-9.2000000000;38.7000000000;2349.5300000000;Lx082;-9.1960967122;38.6960075577
Jardim Central Tejo - Museu da Electricidade;;54;67;14292.7800000000;-9.2000000000;38.7000000000;2349.5300000000;Lx082;-9.1932011060;38.6963027221
Jardim da Torre de Belém;;55;68;43433.9000000000;-9.2200000000;38.6900000000;981.9350000000;Lx083;-9.2154937205;38.6928812688
PFM: Parque Recreativo do Alto da Serafina;;56;69;55883.7400000000;-9.1800000000;38.7300000000;1041.4200000000;Lx084;-9.1776577550;38.7336642199
Jardim Ducla Soares;;57;70;28744.0700000000;-9.2100000000;38.7000000000;1388.2600000000;Lx085;-9.2135832880;38.7013745208
Jardim Ducla Soares;;57;70;28744.0700000000;-9.2100000000;38.7000000000;1388.2600000000;Lx085;-9.2138062098;38.7002018380
Jardim Ducla Soares;;57;70;28744.0700000000;-9.2100000000;38.7000000000;1388.2600000000;Lx085;-9.2129935651;38.7020139956
Jardim Tristão da Silva;;58;71;1982.1000000000;-9.1200000000;38.7400000000;329.9680000000;Lx086;-9.1244750325;38.7383231803
Jardim Tristão da Silva;;58;71;1982.1000000000;-9.1200000000;38.7400000000;329.9680000000;Lx086;-9.1246017536;38.7383489420
Jardim Tristão da Silva;;58;71;1982.1000000000;-9.1200000000;38.7400000000;329.9680000000;Lx086;-9.1245142733;38.7384100911
Jardim Tristão da Silva;;58;71;1982.1000000000;-9.1200000000;38.7400000000;329.9680000000;Lx086;-9.1239460873;38.7386655440
PFM: Jardim do Palácio Marquês de Fronteira;;59;72;65376.7300000000;-9.1800000000;38.7400000000;1026.5800000000;Lx087;-9.1801362993;38.7392777830
Jardim de São Pedro de Alcântara / Jardim António Nobre;;60;73;6890.9200000000;-9.1400000000;38.7200000000;380.6870000000;Lx088;-9.1441371206;38.7151690209
Jardim Miradouro do Torel;;61;74;2805.5000000000;-9.1400000000;38.7200000000;308.4890000000;Lx089;-9.1410710339;38.7190115345
Jardim Lisboa Antiga;;62;75;5650.2500000000;-9.1500000000;38.7100000000;307.9610000000;Lx090;-9.1546474678;38.7115816570
Jardim do Palácio do Contador-Mor;;63;76;5317.8700000000;-9.1100000000;38.7600000000;327.7600000000;Lx091;-9.1129555677;38.7636669928
Jardim do Torel;;64;77;3139.8600000000;-9.1400000000;38.7200000000;460.2200000000;Lx092;-9.1417010441;38.7193869197
Jardim do Palácio Valle Flor;;65;78;10377.5400000000;-9.1900000000;38.7000000000;417.6450000000;Lx093;-9.1880231342;38.7030482797
Jardim da Luz / Parque Teixeira Rebelo;Espaços Verdes Vizinhança;66;79;7858.3800000000;-9.1800000000;38.7600000000;370.6340000000;Lx094;-9.1837272284;38.7610455279
Jardim da Praça de Goa;;67;80;3088.6000000000;-9.2200000000;38.7000000000;217.0410000000;Lx095;-9.2183407336;38.7009603360
Palácio Pimenta - Jardim de Bucho - Jardim Bordallo Pinheiro - Museu da Cidade;;68;81;2515.9100000000;-9.1600000000;38.7600000000;204.9590000000;Lx096;-9.1564286617;38.7580751097
PFM: Parque da Tapada da Ajuda;;69;82;1000000.0000000000;-9.1900000000;38.7100000000;5141.1900000000;Lx097;-9.1873511613;38.7128638998
Jardim do Museu Agrícola Tropical / Jardim do Ultramar;;70;83;65512.6700000000;-9.2000000000;38.7000000000;1195.9800000000;Lx098;-9.2022478009;38.6994037309
PFM: Parque Recreativo do Alvito;;71;84;63442.2200000000;-9.1900000000;38.7200000000;1177.6200000000;Lx099;-9.1862218604;38.7190860249
PFM: Espaço Biodiversidade - LX CRAS - Fito-ETAR;;0;0;157561.8700000000;-9.1800000000;38.7400000000;1768.9200000000;Lx015;-9.1840005011;38.7392951612
Parque do Monteiro-Mor / Quinta do Marquês de Angeja;;72;86;113989.0800000000;-9.1700000000;38.7800000000;1601.3500000000;Lx100;-9.1671267873;38.7757159175
PFM: Centro Equestre - Centro Hípico de Montes Claros (Encosta do Penedo);;0;0;7279.0900000000;-9.2000000000;38.7200000000;376.4540000000;Lx016;-9.2001696355;38.7189629896
Jardim 9 de Abril;;73;88;2705.8100000000;-9.1600000000;38.7000000000;272.8890000000;Lx101;-9.1627964074;38.7043379418
Jardim Constantino;;74;89;2754.8000000000;-9.1400000000;38.7300000000;214.3980000000;Lx102;-9.1372778760;38.7310185596
Jardim Botânico da Ajuda;;75;90;32139.8500000000;-9.2000000000;38.7100000000;784.5920000000;Lx103;-9.2009112064;38.7063313779
Jardim da Alameda da Cidade Universitária;;76;91;25847.3200000000;-9.1600000000;38.7500000000;2275.1000000000;Lx104;-9.1545077694;38.7534415973
Jardim da Alameda da Cidade Universitária;;76;91;25847.3200000000;-9.1600000000;38.7500000000;2275.1000000000;Lx104;-9.1562458716;38.7533807482
Jardim da Alameda da Cidade Universitária;;76;91;25847.3200000000;-9.1600000000;38.7500000000;2275.1000000000;Lx104;-9.1534991719;38.7537965474
Jardim da Alameda da Cidade Universitária;;76;91;25847.3200000000;-9.1600000000;38.7500000000;2275.1000000000;Lx104;-9.1541312451;38.7537541089
Jardim da Alameda da Cidade Universitária;;76;91;25847.3200000000;-9.1600000000;38.7500000000;2275.1000000000;Lx104;-9.1553569493;38.7540129961
Jardim da Alameda da Cidade Universitária;;76;91;25847.3200000000;-9.1600000000;38.7500000000;2275.1000000000;Lx104;-9.1545474969;38.7538938082
Jardim da Alameda da Cidade Universitária;;76;91;25847.3200000000;-9.1600000000;38.7500000000;2275.1000000000;Lx104;-9.1547857594;38.7540641963
Jardim da Alameda da Cidade Universitária;;76;91;25847.3200000000;-9.1600000000;38.7500000000;2275.1000000000;Lx104;-9.1536450003;38.7541999063
Jardim da Alameda da Cidade Universitária;;76;91;25847.3200000000;-9.1600000000;38.7500000000;2275.1000000000;Lx104;-9.1540555307;38.7543064182
Jardim da Alameda da Cidade Universitária;;76;91;25847.3200000000;-9.1600000000;38.7500000000;2275.1000000000;Lx104;-9.1539330833;38.7545335093
Jardim Jorge Luís Borges - Jardim do Arco do Cego;;77;92;7460.9300000000;-9.1400000000;38.7400000000;380.5810000000;Lx105;-9.1423003851;38.7359326959
Largo Conde de Ottolini;;0;0;2444.7800000000;-9.1800000000;38.7400000000;340.7110000000;Lx017;-9.1785983802;38.7431819902
Largo Conde de Ottolini;;0;0;2444.7800000000;-9.1800000000;38.7400000000;340.7110000000;Lx017;-9.1777856612;38.7430226968
Largo Conde de Ottolini;;0;0;2444.7800000000;-9.1800000000;38.7400000000;340.7110000000;Lx017;-9.1785107167;38.7432895243
Largo Conde de Ottolini;;0;0;2444.7800000000;-9.1800000000;38.7400000000;340.7110000000;Lx017;-9.1784004185;38.7434209805
Largo Conde de Ottolini;;0;0;2444.7800000000;-9.1800000000;38.7400000000;340.7110000000;Lx017;-9.1783055300;38.7435350684
Tapada das Necessidades;Espaços Verdes Centrais;78;94;101440.2200000000;-9.1700000000;38.7100000000;1571.1000000000;Lx106;-9.1695322169;38.7091258615
PFM: Miradouro Montes Claros;;0;0;15948.3800000000;-9.2000000000;38.7200000000;732.5940000000;Lx018;-9.2017488816;38.7172682890
Praça Dona Filipa;;0;0;1295.4200000000;-9.1600000000;38.7700000000;139.3400000000;Lx019;-9.1632469118;38.7671871949
Jardim Bento Martins;;79;97;2709.9900000000;-9.1900000000;38.7600000000;372.2090000000;Lx107;-9.1877615778;38.7568618590
Jardim Bento Martins;;79;97;2709.9900000000;-9.1900000000;38.7600000000;372.2090000000;Lx107;-9.1871997953;38.7571880824
Jardim Bento Martins;;79;97;2709.9900000000;-9.1900000000;38.7600000000;372.2090000000;Lx107;-9.1872383541;38.7574394386
Jardim Fernanda Castro;;80;98;7162.2400000000;-9.2100000000;38.7100000000;1007.9900000000;Lx108;-9.2094975386;38.7054106043
Jardim Fernanda Castro;;80;98;7162.2400000000;-9.2100000000;38.7100000000;1007.9900000000;Lx108;-9.2098960814;38.7055999389
Jardim Fernanda Castro;;80;98;7162.2400000000;-9.2100000000;38.7100000000;1007.9900000000;Lx108;-9.2089275993;38.7055543408
Jardim Fernanda Castro;;80;98;7162.2400000000;-9.2100000000;38.7100000000;1007.9900000000;Lx108;-9.2095525583;38.7057569472
Jardim Fernanda Castro;;80;98;7162.2400000000;-9.2100000000;38.7100000000;1007.9900000000;Lx108;-9.2091364305;38.7058179863
Jardim Fernanda Castro;;80;98;7162.2400000000;-9.2100000000;38.7100000000;1007.9900000000;Lx108;-9.2091685749;38.7061273787
Jardim do Palácio Ventura Terra;;81;99;30838.9800000000;-9.1600000000;38.7300000000;847.6880000000;Lx109;-9.1566049143;38.7330938646
Jardim Botto Machado;;82;100;4611.4200000000;-9.1200000000;38.7200000000;337.6710000000;Lx110;-9.1240940143;38.7159362306
Corredor Verde de Monsanto: Jardim Amália Rodrigues;;83;101;56059.8700000000;-9.1600000000;38.7300000000;1261.3300000000;Lx111;-9.1551167734;38.7311932016
Parque Eduardo VII de Inglaterra;;84;102;244747.7500000000;-9.1500000000;38.7300000000;2495.4000000000;Lx112;-9.1527934860;38.7280276628
Jardim Amélia Carvalheira (Igreja de Fátima);;85;103;1951.9200000000;-9.1500000000;38.7400000000;180.3430000000;Lx113;-9.1505782125;38.7391041810
Estufa Fria;Espaços Verdes Vizinhança;86;104;13917.6800000000;-9.1600000000;38.7300000000;594.0090000000;Lx114;-9.1554300855;38.7293883303
Alameda da Encarnação;Espaços Verdes Vizinhança;87;105;9925.1500000000;-9.1200000000;38.7700000000;810.5880000000;Lx115;-9.1209232265;38.7714657356
Alameda da Encarnação;Espaços Verdes Vizinhança;87;105;9925.1500000000;-9.1200000000;38.7700000000;810.5880000000;Lx115;-9.1200137498;38.7720153531
Alameda da Encarnação;Espaços Verdes Vizinhança;87;105;9925.1500000000;-9.1200000000;38.7700000000;810.5880000000;Lx115;-9.1190306706;38.7726194576
Praça de Santo Eugénio;;88;106;13707.7800000000;-9.1200000000;38.7700000000;866.4450000000;Lx116;-9.1176030070;38.7734903778
Jardim das Damas;;0;0;6339.8800000000;-9.2000000000;38.7100000000;575.0130000000;Lx020;-9.1984200962;38.7084023886
Jardim Ventura Terra;;89;108;2787.0000000000;-9.1700000000;38.7600000000;339.7070000000;Lx117;-9.1662837658;38.7586822272
Jardim Fernando Pessa - Forum Lisboa;;90;109;13987.4500000000;-9.1400000000;38.7400000000;1318.4400000000;Lx118;-9.1358664585;38.7427448444
Jardim Fernando Pessa - Forum Lisboa;;90;109;13987.4500000000;-9.1400000000;38.7400000000;1318.4400000000;Lx118;-9.1366915275;38.7427565216
Jardim Fernando Pessa - Forum Lisboa;;90;109;13987.4500000000;-9.1400000000;38.7400000000;1318.4400000000;Lx118;-9.1369178729;38.7427708294
Jardim Fernando Pessa - Forum Lisboa;;90;109;13987.4500000000;-9.1400000000;38.7400000000;1318.4400000000;Lx118;-9.1372548386;38.7427941058
Jardim Fernando Pessa - Forum Lisboa;;90;109;13987.4500000000;-9.1400000000;38.7400000000;1318.4400000000;Lx118;-9.1375788655;38.7428166930
Jardim Fernando Pessa - Forum Lisboa;;90;109;13987.4500000000;-9.1400000000;38.7400000000;1318.4400000000;Lx118;-9.1378717953;38.7428472279
Jardim Fernando Pessa - Forum Lisboa;;90;109;13987.4500000000;-9.1400000000;38.7400000000;1318.4400000000;Lx118;-9.1358528458;38.7428765637
Jardim Fernando Pessa - Forum Lisboa;;90;109;13987.4500000000;-9.1400000000;38.7400000000;1318.4400000000;Lx118;-9.1380202325;38.7429186195
Jardim Fernando Pessa - Forum Lisboa;;90;109;13987.4500000000;-9.1400000000;38.7400000000;1318.4400000000;Lx118;-9.1358359253;38.7430388589
Jardim Fernando Pessa - Forum Lisboa;;90;109;13987.4500000000;-9.1400000000;38.7400000000;1318.4400000000;Lx118;-9.1381149177;38.7431050451
Jardim Fernando Pessa - Forum Lisboa;;90;109;13987.4500000000;-9.1400000000;38.7400000000;1318.4400000000;Lx118;-9.1358174504;38.7432037573
Jardim Fernando Pessa - Forum Lisboa;;90;109;13987.4500000000;-9.1400000000;38.7400000000;1318.4400000000;Lx118;-9.1382261989;38.7432683969
Jardim Fernando Pessa - Forum Lisboa;;90;109;13987.4500000000;-9.1400000000;38.7400000000;1318.4400000000;Lx118;-9.1385444350;38.7438159831
Jardim Fernando Pessa - Forum Lisboa;;90;109;13987.4500000000;-9.1400000000;38.7400000000;1318.4400000000;Lx118;-9.1385772896;38.7438866537
Jardim Fernando Pessa - Forum Lisboa;;90;109;13987.4500000000;-9.1400000000;38.7400000000;1318.4400000000;Lx118;-9.1371571670;38.7432241222
Praça Afrânio Peixoto;;91;110;2686.8400000000;-9.1400000000;38.7400000000;201.3070000000;Lx119;-9.1363214558;38.7449282513
Miradouro do Monte Agudo;;92;111;11809.7700000000;-9.1300000000;38.7300000000;748.8430000000;Lx120;-9.1312570370;38.7263082136
Jardim Marcelino de Mesquita - Jardim das Amoreiras;;93;112;5584.6900000000;-9.1600000000;38.7200000000;322.6320000000;Lx121;-9.1562927442;38.7220939207
Jardim Sá da Bandeira;;94;113;4028.7000000000;-9.1500000000;38.7100000000;247.5180000000;Lx122;-9.1468010269;38.7070795306
Jardins da Avenida da Liberdade;Espaços Verdes Vizinhança;95;114;58965.8100000000;-9.1500000000;38.7200000000;4582.7900000000;Lx123;-9.1429133176;38.7167537431
Jardins da Avenida da Liberdade;Espaços Verdes Vizinhança;95;114;58965.8100000000;-9.1500000000;38.7200000000;4582.7900000000;Lx123;-9.1424848740;38.7169723970
Jardins da Avenida da Liberdade;Espaços Verdes Vizinhança;95;114;58965.8100000000;-9.1500000000;38.7200000000;4582.7900000000;Lx123;-9.1437837861;38.7177746768
Jardins da Avenida da Liberdade;Espaços Verdes Vizinhança;95;114;58965.8100000000;-9.1500000000;38.7200000000;4582.7900000000;Lx123;-9.1433586040;38.7179924258
Jardins da Avenida da Liberdade;Espaços Verdes Vizinhança;95;114;58965.8100000000;-9.1500000000;38.7200000000;4582.7900000000;Lx123;-9.1458852187;38.7201333178
Jardins da Avenida da Liberdade;Espaços Verdes Vizinhança;95;114;58965.8100000000;-9.1500000000;38.7200000000;4582.7900000000;Lx123;-9.1454688548;38.7203198197
Jardins da Avenida da Liberdade;Espaços Verdes Vizinhança;95;114;58965.8100000000;-9.1500000000;38.7200000000;4582.7900000000;Lx123;-9.1479858294;38.7225417522
Jardins da Avenida da Liberdade;Espaços Verdes Vizinhança;95;114;58965.8100000000;-9.1500000000;38.7200000000;4582.7900000000;Lx123;-9.1475723875;38.7227483069
Jardins da Avenida da Liberdade;Espaços Verdes Vizinhança;95;114;58965.8100000000;-9.1500000000;38.7200000000;4582.7900000000;Lx123;-9.1491961519;38.7238780335
Jardins da Avenida da Liberdade;Espaços Verdes Vizinhança;95;114;58965.8100000000;-9.1500000000;38.7200000000;4582.7900000000;Lx123;-9.1487701125;38.7241215794
Largo da Igreja de São João de Deus - Jardim Irmã Lúcia;;96;115;5109.5300000000;-9.1400000000;38.7400000000;680.1470000000;Lx124;-9.1384690345;38.7410968859
Largo da Igreja de São João de Deus - Jardim Irmã Lúcia;;96;115;5109.5300000000;-9.1400000000;38.7400000000;680.1470000000;Lx124;-9.1379606784;38.7396435850
Largo da Igreja de São João de Deus - Jardim Irmã Lúcia;;96;115;5109.5300000000;-9.1400000000;38.7400000000;680.1470000000;Lx124;-9.1377232197;38.7395977194
Largo da Igreja de São João de Deus - Jardim Irmã Lúcia;;96;115;5109.5300000000;-9.1400000000;38.7400000000;680.1470000000;Lx124;-9.1375617700;38.7397383689
Jardim do Recinto do Arco. õs Amoreiras (EPAL);;97;116;17776.0500000000;-9.1600000000;38.7200000000;551.7820000000;Lx125;-9.1590619716;38.7225280011
Jardim Roque Gameiro;;98;117;1768.8300000000;-9.1400000000;38.7100000000;187.1210000000;Lx126;-9.1436416252;38.7058562136
Jardim do Marquês de Marialva  - Jardim do Campo Pequeno;;99;118;12752.9100000000;-9.1500000000;38.7400000000;1042.5900000000;Lx127;-9.1460093451;38.7418266582
Jardim do Marquês de Marialva  - Jardim do Campo Pequeno;;99;118;12752.9100000000;-9.1500000000;38.7400000000;1042.5900000000;Lx127;-9.1443392490;38.7420558643
Jardim do Marquês de Marialva  - Jardim do Campo Pequeno;;99;118;12752.9100000000;-9.1500000000;38.7400000000;1042.5900000000;Lx127;-9.1463042038;38.7430312626
Jardim do Marquês de Marialva  - Jardim do Campo Pequeno;;99;118;12752.9100000000;-9.1500000000;38.7400000000;1042.5900000000;Lx127;-9.1448847495;38.7433028851
Quinta do Beau -Séjour;;100;119;7913.4500000000;-9.1800000000;38.7500000000;411.7610000000;Lx128;-9.1827080256;38.7465453147
Jardim das Ondas;;101;120;7841.8200000000;-9.0900000000;38.7600000000;558.4170000000;Lx129;-9.0929650974;38.7620741619
Jardim das Ondas;;101;120;7841.8200000000;-9.0900000000;38.7600000000;558.4170000000;Lx129;-9.0944758271;38.7622306109
Jardim António Feijó - Jardins da Igreja dos Anjos;;0;0;2941.3500000000;-9.1300000000;38.7200000000;404.9580000000;Lx021;-9.1346525930;38.7245006546
Jardim António Feijó - Jardins da Igreja dos Anjos;;0;0;2941.3500000000;-9.1300000000;38.7200000000;404.9580000000;Lx021;-9.1346315783;38.7244962233
Jardim Praça João do Rio;;102;122;3157.0600000000;-9.1300000000;38.7400000000;231.3560000000;Lx130;-9.1342396706;38.7396067827
Parque da Mata de Madre de Deus;Espaços Verdes Urbanos;103;123;34696.6100000000;-9.1200000000;38.7300000000;1256.1100000000;Lx131;-9.1158111467;38.7327835831
Jardim Olavo Bilac;;104;124;3534.6600000000;-9.1700000000;38.7100000000;318.5120000000;Lx132;-9.1714908820;38.7065184176
Quinta Nossa Senhora da Paz;Espaços Verdes Vizinhança;105;125;12176.7500000000;-9.1800000000;38.7700000000;547.4210000000;Lx133;-9.1759404167;38.7705101807
Jardim Cesário Verde;;106;126;3080.8500000000;-9.1400000000;38.7300000000;223.5530000000;Lx134;-9.1407675926;38.7326200436
Jardim França Borges  - Jardim do Príncipe Real;Espaços Verdes Vizinhança;107;127;11288.3200000000;-9.1500000000;38.7200000000;431.4840000000;Lx135;-9.1487509030;38.7162538879
Golf (Urbanização Quinta dos Alcoutins);;108;128;155180.6600000000;-9.1700000000;38.7800000000;3903.3200000000;Lx136;-9.1696344058;38.7774453476
Golf (Urbanização Quinta dos Alcoutins);;108;128;155180.6600000000;-9.1700000000;38.7800000000;3903.3200000000;Lx136;-9.1710891847;38.7760427761
Golf (Urbanização Quinta dos Alcoutins);;108;128;155180.6600000000;-9.1700000000;38.7800000000;3903.3200000000;Lx136;-9.1702512067;38.7756133188
Golf (Urbanização Quinta dos Alcoutins);;108;128;155180.6600000000;-9.1700000000;38.7800000000;3903.3200000000;Lx136;-9.1707097494;38.7811155451
Golf (Urbanização Quinta dos Alcoutins);;108;128;155180.6600000000;-9.1700000000;38.7800000000;3903.3200000000;Lx136;-9.1679271117;38.7802068083
Golf (Urbanização Quinta dos Alcoutins);;108;128;155180.6600000000;-9.1700000000;38.7800000000;3903.3200000000;Lx136;-9.1694779549;38.7821405303
Jardim da Rua João Frederico Ludovice;;109;129;6598.6700000000;-9.2100000000;38.7500000000;354.0800000000;Lx137;-9.2073319240;38.7500045126
Jardim Alice Cruz;;0;0;5880.3200000000;-9.1700000000;38.7400000000;685.7570000000;Lx022;-9.1737524547;38.7446109022
Jardim Téofilo de Braga - Jardins de Campo de Ourique;;110;131;5938.7500000000;-9.1700000000;38.7200000000;311.3730000000;Lx138;-9.1652087983;38.7179185130
Jardim na Rua Eugénio de Castro;;111;132;1744.6300000000;-9.1500000000;38.7500000000;318.0460000000;Lx139;-9.1468051995;38.7545347076
Jardim do Campo Grande;Espaços Verdes Centrais;112;133;110623.7000000000;-9.1500000000;38.7500000000;2832.0800000000;Lx140;-9.1535663717;38.7568067321
Jardim do Campo Grande;Espaços Verdes Centrais;112;133;110623.7000000000;-9.1500000000;38.7500000000;2832.0800000000;Lx140;-9.1505155024;38.7521611730
Parque Urbano Quinta do Narigão;Espaços Verdes Urbanos;113;134;81448.1900000000;-9.1300000000;38.7600000000;1406.3000000000;Lx141;-9.1327322269;38.7570360993
Jardim Ribeira das Naus;Espaços Verdes Urbanos;114;135;44794.0400000000;-9.1400000000;38.7100000000;1139.5200000000;Lx142;-9.1399067982;38.7063967363
Encostas do Casal Ventoso;;115;136;87064.0600000000;-9.1700000000;38.7200000000;4874.0400000000;Lx143;-9.1737657095;38.7174169034
Encostas do Casal Ventoso;;115;136;87064.0600000000;-9.1700000000;38.7200000000;4874.0400000000;Lx143;-9.1741220698;38.7134658019
Encostas do Casal Ventoso;;115;136;87064.0600000000;-9.1700000000;38.7200000000;4874.0400000000;Lx143;-9.1727598166;38.7174840662
Viveiro Quinta das Flores;Viveiro;116;137;58534.7500000000;-9.1100000000;38.7500000000;2293.3000000000;Lx144;-9.1059880497;38.7453273037
Ponte Galp;;117;138;15761.8600000000;-9.1800000000;38.7600000000;957.5780000000;Lx145;-9.1755736461;38.7580304727
Jardim sobre a Fonte Monumental - Alameda Dom Afonso Henriques;;118;139;5739.8600000000;-9.1300000000;38.7400000000;468.0810000000;Lx146;-9.1297811295;38.7373325387
Jardim da Alameda Dom Afonso Henriques;;119;140;37183.9900000000;-9.1300000000;38.7400000000;1508.0300000000;Lx147;-9.1351506142;38.7370027401
Jardim da Alameda Dom Afonso Henriques;;119;140;37183.9900000000;-9.1300000000;38.7400000000;1508.0300000000;Lx147;-9.1329019731;38.7371278623
Jardim da Alameda Dom Afonso Henriques;;119;140;37183.9900000000;-9.1300000000;38.7400000000;1508.0300000000;Lx147;-9.1311038777;38.7372456434
Parque Silva Porto / Mata de Benfica;;120;141;40571.9400000000;-9.2000000000;38.7500000000;879.6250000000;Lx148;-9.2045491916;38.7485344486
Parque Quinta das Conchas - Nave Central;;121;142;248648.2700000000;-9.1500000000;38.7700000000;3025.5000000000;Lx149;-9.1547528914;38.7698337962
Jardim da Quinta dos Barros;;122;143;2766.8200000000;-9.1700000000;38.7500000000;218.1040000000;Lx150;-9.1677959058;38.7543369897
Largo da Igreja de Santo Condestável;;0;0;8274.0700000000;-9.1700000000;38.7200000000;675.5600000000;Lx023;-9.1669810205;38.7152951504
Largo da Igreja de Santo Condestável;;0;0;8274.0700000000;-9.1700000000;38.7200000000;675.5600000000;Lx023;-9.1670711015;38.7152608207
Eixo Central;Espaços Verdes Urbanos;123;145;86413.9600000000;-9.1500000000;38.7700000000;3311.8000000000;Lx151;-9.1485052947;38.7691382510
Mata na Rua dos Eucaliptos;Espaços Verdes Urbanos;0;0;46177.1900000000;-9.1200000000;38.7700000000;2319.2100000000;Lx024;-9.1228552453;38.7727017677
Mata na Rua dos Eucaliptos;Espaços Verdes Urbanos;0;0;46177.1900000000;-9.1200000000;38.7700000000;2319.2100000000;Lx024;-9.1227178396;38.7761434125
Mata na Rua dos Eucaliptos;Espaços Verdes Urbanos;0;0;46177.1900000000;-9.1200000000;38.7700000000;2319.2100000000;Lx024;-9.1210416909;38.7772475843
Museu de Etnologia (Jardim do Museu de Etnologia);;0;0;13835.7400000000;-9.2100000000;38.7000000000;828.0830000000;Lx025;-9.2083426292;38.7047006122
Parque Urbano do Rio Seco;;124;148;22420.2200000000;-9.1900000000;38.7100000000;1618.9300000000;Lx152;-9.1921785612;38.7059241269
Parque Urbano do Rio Seco;;124;148;22420.2200000000;-9.1900000000;38.7100000000;1618.9300000000;Lx152;-9.1933910543;38.7061430928
Parque Urbano do Rio Seco;;124;148;22420.2200000000;-9.1900000000;38.7100000000;1618.9300000000;Lx152;-9.1936926830;38.7070569596
Parque Urbano do Rio Seco;;124;148;22420.2200000000;-9.1900000000;38.7100000000;1618.9300000000;Lx152;-9.1938750991;38.7072805337
Parque Urbano do Rio Seco;;124;148;22420.2200000000;-9.1900000000;38.7100000000;1618.9300000000;Lx152;-9.1941042707;38.7072760858
Parque Urbano do Rio Seco;;124;148;22420.2200000000;-9.1900000000;38.7100000000;1618.9300000000;Lx152;-9.1939378743;38.7070794471
Jardim do Alto de Santa Catarina - Jardim do Adamastor;;125;149;1292.5200000000;-9.1500000000;38.7100000000;155.8340000000;Lx153;-9.1475831326;38.7095333607
Jardim da Quinta dos Azulejos;;0;0;3183.4400000000;-9.1900000000;38.7600000000;250.6970000000;Lx026;-9.1898943600;38.7608807952
PFM: Alameda Keil do Amaral;;126;151;113541.5600000000;-9.1900000000;38.7200000000;2801.5100000000;Lx154;-9.1928105583;38.7211908318
Jardim Mahatma Gandhi;Espaços Verdes Vizinhança;127;152;14615.2400000000;-9.1800000000;38.7700000000;662.0320000000;Lx155;-9.1750792714;38.7692632590
Jardins Ribeirinhos;;128;153;7564.5300000000;-9.0900000000;38.7800000000;1157.3500000000;Lx156;-9.0920530845;38.7778612430
Jardins Ribeirinhos;;128;153;7564.5300000000;-9.0900000000;38.7800000000;1157.3500000000;Lx156;-9.0920764818;38.7787161706
Jardins Ribeirinhos;;128;153;7564.5300000000;-9.0900000000;38.7800000000;1157.3500000000;Lx156;-9.0923541579;38.7796688266
Jardins Ribeirinhos;;128;153;7564.5300000000;-9.0900000000;38.7800000000;1157.3500000000;Lx156;-9.0926980941;38.7805783910
Jardins Ribeirinhos;;128;153;7564.5300000000;-9.0900000000;38.7800000000;1157.3500000000;Lx156;-9.0931889806;38.7818273519
Jardim Botânico da Faculdade de Ciências da Universidade Lisboa;;129;154;56799.9100000000;-9.1500000000;38.7200000000;1166.6900000000;Lx157;-9.1488398527;38.7184434708
Jardim Elisa Baptista Sousa Pedroso - Jardim Salazar - Jardim da Imprensa;;130;155;4256.7100000000;-9.1600000000;38.7100000000;321.4260000000;Lx158;-9.1556104697;38.7139724183
Parque da Belavista-Central;Parques peri-urbanos;131;156;325134.0200000000;-9.1300000000;38.7500000000;2775.4800000000;Lx159;-9.1268707975;38.7503620849
Parque da Belavista-Golfe;Parques peri-urbanos;132;157;158545.8300000000;-9.1300000000;38.7600000000;2462.3400000000;Lx160;-9.1279091813;38.7578117360
Parque da Belavista-Sul (zona com equipamento);Parques peri-urbanos;133;158;47443.3100000000;-9.1200000000;38.7400000000;1399.7300000000;Lx161;-9.1230664930;38.7447625625
Corredor Verde de Monsanto: Parque Urbano Quinta do Zé Pinto;Espaços Verdes Urbanos;134;159;46790.4400000000;-9.1700000000;38.7400000000;886.9980000000;Lx162;-9.1675101123;38.7358361425
Quinta da Granja;;135;160;192846.6100000000;-9.1900000000;38.7500000000;2169.3300000000;Lx163;-9.1933507111;38.7526737796
Jardim Professor Francisco Caldeira Cabral (Norte);;136;161;4217.3000000000;-9.1700000000;38.7600000000;904.2210000000;Lx164;-9.1651330889;38.7606899226
Jardim Professor Francisco Caldeira Cabral (Norte);;136;161;4217.3000000000;-9.1700000000;38.7600000000;904.2210000000;Lx164;-9.1656411460;38.7607206623
Jardim Professor Francisco Caldeira Cabral (Norte);;136;161;4217.3000000000;-9.1700000000;38.7600000000;904.2210000000;Lx164;-9.1656059316;38.7609070179
Jardim Professor Francisco Caldeira Cabral (Norte);;136;161;4217.3000000000;-9.1700000000;38.7600000000;904.2210000000;Lx164;-9.1655031361;38.7610732530
Jardim Professor Francisco Caldeira Cabral (Norte);;136;161;4217.3000000000;-9.1700000000;38.7600000000;904.2210000000;Lx164;-9.1659863161;38.7611075928
Jardim Professor Francisco Caldeira Cabral (Norte);;136;161;4217.3000000000;-9.1700000000;38.7600000000;904.2210000000;Lx164;-9.1652955044;38.7611562834
Jardim da Praça de Diu;;137;162;4277.6000000000;-9.2100000000;38.7000000000;260.5800000000;Lx165;-9.2128834040;38.6983803053
Jardim da Cerca da Graça;;138;163;14400.1200000000;-9.1300000000;38.7200000000;818.3220000000;Lx166;-9.1319943271;38.7173497727
Jardim da Cerca da Graça;;138;163;14400.1200000000;-9.1300000000;38.7200000000;818.3220000000;Lx166;-9.1315334915;38.7181048374
Miradouro da Graça - Miradouro Sophia de Mello Andresen;;139;164;827.4600000000;-9.1300000000;38.7200000000;170.0920000000;Lx167;-9.1313863883;38.7163654050
Rotunda do Marquês de Pombal;;0;0;5903.0200000000;-9.1500000000;38.7300000000;272.5620000000;Lx027;-9.1500894977;38.7252622028
Jardins da Fundação Champalimaud;;140;166;16575.5300000000;-9.2200000000;38.6900000000;1504.8600000000;Lx168;-9.2216779873;38.6931467432
Jardins da Fundação Champalimaud;;140;166;16575.5300000000;-9.2200000000;38.6900000000;1504.8600000000;Lx168;-9.2209438594;38.6936275943
Jardins da Fundação Champalimaud;;140;166;16575.5300000000;-9.2200000000;38.6900000000;1504.8600000000;Lx168;-9.2201841975;38.6933348484
Jardins da Fundação Champalimaud;;140;166;16575.5300000000;-9.2200000000;38.6900000000;1504.8600000000;Lx168;-9.2224575680;38.6938565534
Jardins da Fundação Champalimaud;;140;166;16575.5300000000;-9.2200000000;38.6900000000;1504.8600000000;Lx168;-9.2206588362;38.6939169605
Jardins da Fundação Champalimaud;;140;166;16575.5300000000;-9.2200000000;38.6900000000;1504.8600000000;Lx168;-9.2215449719;38.6941582831
Corredor Verde de Monsanto :Parque Ventura Terra;Espaços Verdes Vizinhança;141;167;43377.3500000000;-9.1600000000;38.7300000000;2835.6400000000;Lx169;-9.1594253082;38.7331891349
Corredor Verde de Monsanto :Parque Ventura Terra;Espaços Verdes Vizinhança;141;167;43377.3500000000;-9.1600000000;38.7300000000;2835.6400000000;Lx169;-9.1592199586;38.7331025197
Corredor Verde de Monsanto :Parque Ventura Terra;Espaços Verdes Vizinhança;141;167;43377.3500000000;-9.1600000000;38.7300000000;2835.6400000000;Lx169;-9.1580429722;38.7331650610
Corredor Verde de Monsanto :Parque Ventura Terra;Espaços Verdes Vizinhança;141;167;43377.3500000000;-9.1600000000;38.7300000000;2835.6400000000;Lx169;-9.1604273639;38.7348767851
Corredor Verde de Monsanto :Parque Ventura Terra;Espaços Verdes Vizinhança;141;167;43377.3500000000;-9.1600000000;38.7300000000;2835.6400000000;Lx169;-9.1615698872;38.7345771950
Corredor Verde de Monsanto :Parque Ventura Terra;Espaços Verdes Vizinhança;141;167;43377.3500000000;-9.1600000000;38.7300000000;2835.6400000000;Lx169;-9.1600287778;38.7351438485
Corredor Verde de Monsanto :Parque Ventura Terra;Espaços Verdes Vizinhança;141;167;43377.3500000000;-9.1600000000;38.7300000000;2835.6400000000;Lx169;-9.1618259885;38.7350351580
Corredor Verde de Monsanto :Parque Ventura Terra;Espaços Verdes Vizinhança;141;167;43377.3500000000;-9.1600000000;38.7300000000;2835.6400000000;Lx169;-9.1606708471;38.7351808284
Parque da Bela Vista Norte - Parque Vinícola;;0;0;48199.1900000000;-9.1300000000;38.7600000000;1303.1300000000;Lx028;-9.1265968531;38.7618609045
Estádio Universitário de Lisboa;;142;169;282280.4200000000;-9.1600000000;38.7500000000;2708.8900000000;Lx170;-9.1632214717;38.7535748246
Parque de Jogos 1º de Maio;;143;170;52392.0900000000;-9.1400000000;38.7500000000;1048.7200000000;Lx171;-9.1390825465;38.7510583551
Green space Tejo 1;;144;171;8231.0000000000;-9.1900000000;38.7000000000;482.2870000000;Lx172;-9.1898856047;38.6967030090
Green space Tejo 2;;145;172;6022.4200000000;-9.1800000000;38.7000000000;685.8590000000;Lx173;-9.1849695483;38.6975060591
Cemitério dos Prazeres;Cemitério;146;173;117318.0600000000;-9.1700000000;38.7100000000;1404.2800000000;Lx174;-9.1713348653;38.7134319798
Martim Moniz;;147;174;12419.0100000000;-9.1400000000;38.7200000000;508.4030000000;Lx175;-9.1364109349;38.7160545429
Jardim da Praça Paiva Couceiro;;148;175;4155.4300000000;-9.1300000000;38.7300000000;254.5520000000;Lx176;-9.1273970731;38.7311093035
Praça António Sardinha;;149;176;1642.3600000000;-9.1300000000;38.7300000000;168.7750000000;Lx177;-9.1294811261;38.7259567838
Praça Novas Nações;;150;177;708.7200000000;-9.1300000000;38.7300000000;110.9540000000;Lx178;-9.1326718136;38.7261948080
Cemitério do Alto de São João;Cemitério;151;178;211834.0100000000;-9.1200000000;38.7300000000;2452.0700000000;Lx179;-9.1205233331;38.7298506173
Jardim das Musas;;152;179;4920.5600000000;-9.1000000000;38.7600000000;359.2090000000;Lx180;-9.0953919069;38.7555941139
Instituto Superior Técnico Jardim Sul;;153;180;2440.4800000000;-9.1400000000;38.7400000000;261.5760000000;Lx181;-9.1391426792;38.7359184144
Instituto Superior Técnico Jardim Norte;;154;181;3506.6300000000;-9.1400000000;38.7400000000;338.5510000000;Lx182;-9.1394222043;38.7375842722
Praça Andrade Caminha;;155;182;1076.3100000000;-9.1400000000;38.7500000000;125.5760000000;Lx183;-9.1440199124;38.7479314312
Av. Conde Valbom 1;;156;183;1362.1100000000;-9.1500000000;38.7400000000;178.0730000000;Lx184;-9.1497848659;38.7363024403
Av. Conde Valbom 2;;157;184;1590.1400000000;-9.1500000000;38.7400000000;185.3570000000;Lx185;-9.1486765001;38.7353963176
Parque do Monteiro-Mor - Terrenos Baldios;;158;185;146872.8400000000;-9.1700000000;38.7800000000;2218.8600000000;Lx186;-9.1739473761;38.7756169336
Cemitério de Benfica;Cemitério;0;0;102698.7500000000;-9.2000000000;38.7600000000;1793.6300000000;Lx189;-9.1991643391;38.7577027037
Cemitério do Lumiar;Cemitério;0;0;97270.7100000000;-9.1700000000;38.7700000000;1547.3300000000;Lx190;-9.1671583878;38.7727311312
Cemitério de Carnide;Cemitério;0;0;191402.3500000000;-9.1900000000;38.7700000000;1969.0900000000;Lx191;-9.1850163328;38.7740528797
